step,epoch,train_loss,val_loss,lr,tokens_per_sec,gpu_mem_gb
0,1,8.420005,8.416707,0.000000e+00,242379.0,4.867
1,1,8.416597,,7.500000e-05,986928.7,4.876
2,1,7.170904,,1.500000e-04,987646.8,4.876
3,1,6.601044,,2.250000e-04,986546.2,4.876
4,1,6.425272,,3.000000e-04,987297.4,4.876
5,1,6.122411,,3.750000e-04,986332.0,4.876
6,1,5.891864,,4.500000e-04,989825.1,4.876
7,1,5.575872,,5.250000e-04,987751.5,4.876
8,1,5.478373,,6.000000e-04,988122.5,4.876
9,1,5.005042,,6.750000e-04,987247.7,4.876
10,1,4.776420,,7.500000e-04,986886.2,4.876
11,1,4.309050,,8.250000e-04,986717.9,4.876
12,1,5.234432,,9.000000e-04,986220.5,4.876
13,1,4.218505,,9.750000e-04,988618.3,4.876
14,1,3.950540,,1.050000e-03,987437.5,4.876
15,1,3.687642,,1.125000e-03,987980.5,4.876
16,1,3.712700,,1.200000e-03,988143.9,4.876
17,1,3.692735,,1.275000e-03,984937.8,4.876
18,1,3.586258,,1.350000e-03,983985.8,4.876
19,1,3.442545,,1.425000e-03,988630.8,4.876
20,1,3.403501,,1.500000e-03,989953.5,4.876
21,1,3.478211,,1.575000e-03,985151.3,4.876
22,1,3.530797,,1.650000e-03,985177.8,4.876
23,1,3.241087,,1.725000e-03,985481.6,4.876
24,1,3.203885,,1.800000e-03,982993.5,4.876
25,1,3.143745,,1.875000e-03,984392.8,4.876
26,1,3.096529,,1.950000e-03,986355.0,4.876
27,1,2.983746,,2.025000e-03,987852.7,4.876
28,1,3.046526,,2.100000e-03,985988.8,4.876
29,1,2.946727,,2.175000e-03,984549.7,4.876
30,1,2.856254,,2.250000e-03,982322.5,4.876
31,1,2.913584,,2.325000e-03,982958.3,4.876
32,1,2.819946,,2.400000e-03,990492.1,4.876
33,1,2.806162,,2.475000e-03,986942.9,4.876
34,1,2.740135,,2.550000e-03,985280.2,4.876
35,1,2.687796,,2.625000e-03,988115.4,4.876
36,1,2.746620,,2.700000e-03,988703.7,4.876
37,1,2.663183,,2.775000e-03,984486.2,4.876
38,1,2.669596,,2.850000e-03,983934.7,4.876
39,1,2.656280,,2.925000e-03,981198.7,4.876
40,1,2.555278,,3.000000e-03,986806.5,4.876
41,1,2.722720,,2.999988e-03,985029.5,4.876
42,1,2.679881,,2.999954e-03,986884.4,4.876
43,1,2.669594,,2.999896e-03,992210.1,4.876
44,1,2.619130,,2.999816e-03,992688.4,4.876
45,1,2.566555,,2.999712e-03,989677.2,4.876
46,1,2.472962,,2.999586e-03,985764.3,4.876
47,1,2.574195,,2.999436e-03,987348.8,4.876
48,1,2.419526,,2.999264e-03,987407.3,4.876
49,1,2.497663,,2.999068e-03,988534.8,4.876
50,1,2.413005,2.466667,2.998850e-03,988995.4,4.876
51,1,2.374432,,2.998608e-03,976704.7,4.876
52,1,2.404515,,2.998344e-03,987386.0,4.876
53,1,2.430923,,2.998056e-03,988286.0,4.876
54,1,2.420871,,2.997746e-03,986712.6,4.876
55,1,2.356876,,2.997413e-03,985790.8,4.876
56,1,2.391243,,2.997056e-03,986980.1,4.876
57,1,2.296486,,2.996677e-03,984768.4,4.876
58,1,2.269047,,2.996275e-03,986213.5,4.876
59,1,2.257077,,2.995849e-03,990642.0,4.876
60,1,2.322677,,2.995401e-03,992835.4,4.876
61,1,2.238548,,2.994930e-03,988387.2,4.876
62,1,2.242261,,2.994436e-03,988097.7,4.876
63,1,2.249389,,2.993919e-03,987799.4,4.876
64,1,2.246395,,2.993379e-03,988853.0,4.876
65,1,2.255356,,2.992817e-03,986758.7,4.876
66,1,2.179961,,2.992231e-03,984884.8,4.876
67,1,2.186751,,2.991623e-03,986356.8,4.876
68,1,2.196207,,2.990991e-03,984930.7,4.876
69,1,2.129323,,2.990337e-03,984909.5,4.876
70,1,2.163468,,2.989660e-03,984347.0,4.876
71,1,2.224022,,2.988960e-03,985248.4,4.876
72,1,2.142325,,2.988237e-03,985748.4,4.876
73,1,2.196749,,2.987492e-03,990688.5,4.876
74,1,2.153657,,2.986724e-03,990920.6,4.876
75,1,2.161749,,2.985933e-03,987230.0,4.876
76,1,2.111370,,2.985119e-03,986629.4,4.876
77,1,2.118539,,2.984282e-03,986156.8,4.876
78,1,2.092773,,2.983423e-03,992416.0,4.876
79,1,2.126915,,2.982541e-03,992063.2,4.876
80,1,2.051194,,2.981636e-03,987231.8,4.876
81,1,1.975603,,2.980709e-03,989944.6,4.876
82,1,2.113585,,2.979758e-03,987522.6,4.876
83,1,2.068670,,2.978786e-03,989593.5,4.876
84,1,2.037250,,2.977790e-03,990838.4,4.876
85,1,2.042184,,2.976772e-03,987488.9,4.876
86,1,1.962525,,2.975731e-03,987368.3,4.876
87,1,1.990845,,2.974668e-03,991757.2,4.876
88,1,1.925250,,2.973582e-03,991943.3,4.876
89,1,1.949374,,2.972474e-03,988755.2,4.876
90,1,1.913552,,2.971343e-03,985059.5,4.876
91,1,1.955750,,2.970189e-03,984077.4,4.876
92,1,1.909817,,2.969014e-03,985499.2,4.876
93,1,1.918394,,2.967815e-03,989941.0,4.876
94,1,1.956138,,2.966594e-03,990681.3,4.876
95,1,1.973641,,2.965351e-03,988239.8,4.876
96,1,1.933195,,2.964085e-03,987455.2,4.876
97,1,1.879726,,2.962797e-03,988698.3,4.876
98,1,1.881907,,2.961486e-03,991353.0,4.876
99,1,1.816710,,2.960154e-03,988012.4,4.876
100,1,1.918607,1.901106,2.958798e-03,981540.3,4.876
101,1,1.837938,,2.957421e-03,986171.0,4.876
102,1,1.861481,,2.956021e-03,988789.0,4.876
103,1,1.846330,,2.954599e-03,991959.4,4.876
104,1,1.895413,,2.953155e-03,992849.8,4.876
105,1,1.833769,,2.951688e-03,988557.9,4.876
106,1,1.870011,,2.950200e-03,989433.2,4.876
107,1,1.829795,,2.948689e-03,993508.3,4.876
108,1,1.813215,,2.947156e-03,989363.8,4.876
109,1,1.829185,,2.945601e-03,986641.8,4.876
110,1,1.806756,,2.944023e-03,987212.3,4.876
111,1,1.780051,,2.942424e-03,988709.0,4.876
112,1,1.779533,,2.940803e-03,989415.4,4.876
113,1,1.806666,,2.939160e-03,985928.7,4.876
114,1,1.796178,,2.937495e-03,990281.6,4.876
115,1,1.803109,,2.935807e-03,987474.7,4.876
116,1,1.825940,,2.934098e-03,984124.9,4.876
117,1,1.829021,,2.932367e-03,987602.4,4.876
118,1,1.844592,,2.930615e-03,987646.8,4.876
119,1,1.760725,,2.928840e-03,989620.2,4.876
120,1,1.813083,,2.927044e-03,990183.5,4.876
121,1,1.790057,,2.925225e-03,989802.0,4.876
122,1,1.783410,,2.923386e-03,992489.5,4.876
123,1,1.768411,,2.921524e-03,987756.8,4.876
124,1,1.642260,,2.919641e-03,989025.6,4.876
125,1,1.782326,,2.917736e-03,984299.4,4.876
126,1,1.717304,,2.915809e-03,985109.0,4.876
127,1,1.747759,,2.913861e-03,989826.9,4.876
128,1,1.751086,,2.911891e-03,989340.6,4.876
129,1,1.775791,,2.909900e-03,991642.7,4.876
130,1,1.763114,,2.907888e-03,989406.5,4.876
131,1,1.781240,,2.905854e-03,986606.4,4.876
132,1,1.772939,,2.903798e-03,991049.2,4.876
133,1,1.793912,,2.901721e-03,985409.1,4.876
134,1,1.809173,,2.899623e-03,989853.7,4.876
135,1,1.707516,,2.897504e-03,991481.8,4.876
136,1,1.729157,,2.895363e-03,987836.7,4.876
137,1,1.674018,,2.893201e-03,988433.5,4.876
138,1,1.728542,,2.891018e-03,983760.4,4.876
139,1,1.695780,,2.888814e-03,987815.4,4.876
140,1,1.674141,,2.886588e-03,986912.8,4.876
141,1,1.693314,,2.884342e-03,989629.1,4.876
142,1,1.709051,,2.882074e-03,988333.9,4.876
143,1,1.746641,,2.879786e-03,987859.8,4.876
144,1,1.689877,,2.877476e-03,982895.1,4.876
145,1,1.690869,,2.875146e-03,987192.8,4.876
146,1,1.771712,,2.872795e-03,986026.0,4.876
147,1,1.707654,,2.870423e-03,989198.2,4.876
148,1,1.670502,,2.868030e-03,986190.5,4.876
149,1,1.646304,,2.865616e-03,984399.8,4.876
150,1,1.659467,1.711132,2.863182e-03,987950.3,4.876
151,1,1.654711,,2.860727e-03,987760.4,4.876
152,1,1.687146,,2.858251e-03,987157.3,4.876
153,1,1.655771,,2.855755e-03,980393.8,4.876
154,1,1.696292,,2.853238e-03,986544.4,4.876
155,1,1.692768,,2.850701e-03,989390.5,4.876
156,1,1.670955,,2.848143e-03,989070.1,4.876
157,1,1.650296,,2.845565e-03,987914.8,4.876
158,1,1.677040,,2.842966e-03,984204.2,4.876
159,1,1.656223,,2.840347e-03,981235.5,4.876
160,1,1.606329,,2.837708e-03,984951.9,4.876
161,1,1.653892,,2.835049e-03,985957.0,4.876
162,1,1.682964,,2.832369e-03,987921.9,4.876
163,1,1.597654,,2.829669e-03,989004.2,4.876
164,1,1.677392,,2.826949e-03,988581.0,4.876
165,1,1.628654,,2.824209e-03,989752.1,4.876
166,1,1.667505,,2.821450e-03,987707.1,4.876
167,1,1.629681,,2.818670e-03,987913.0,4.876
168,1,1.665340,,2.815870e-03,982243.5,4.876
169,1,1.674692,,2.813050e-03,988888.6,4.876
170,1,1.608004,,2.810211e-03,982975.9,4.876
171,1,1.592211,,2.807351e-03,982420.8,4.876
172,1,1.647723,,2.804472e-03,990174.6,4.876
173,1,1.618072,,2.801574e-03,991226.1,4.876
174,1,1.663268,,2.798655e-03,988026.7,4.876
175,1,1.610851,,2.795717e-03,987318.7,4.876
176,1,1.602058,,2.792760e-03,988504.5,4.876
177,1,1.609462,,2.789783e-03,981822.5,4.876
178,1,1.693648,,2.786787e-03,988581.0,4.876
179,1,1.614070,,2.783771e-03,986367.4,4.876
180,1,1.659681,,2.780736e-03,989016.7,4.876
181,1,1.620220,,2.777682e-03,988371.3,4.876
182,1,1.570547,,2.774608e-03,988154.5,4.876
183,1,1.610183,,2.771515e-03,991124.3,4.876
184,1,1.594587,,2.768404e-03,989689.7,4.876
185,1,1.569751,,2.765273e-03,982977.7,4.876
186,1,1.588467,,2.762123e-03,983510.5,4.876
187,1,1.606098,,2.758954e-03,988803.2,4.876
188,1,1.621936,,2.755766e-03,989185.8,4.876
189,1,1.591938,,2.752560e-03,989274.8,4.876
190,1,1.660925,,2.749335e-03,988737.4,4.876
191,1,1.579534,,2.746090e-03,986370.9,4.876
192,1,1.638726,,2.742828e-03,989746.7,4.876
193,1,1.571470,,2.739546e-03,989664.8,4.876
194,1,1.638003,,2.736246e-03,988910.0,4.876
195,1,1.522654,,2.732928e-03,986464.7,4.876
196,1,1.597688,,2.729591e-03,982399.8,4.876
197,1,1.586786,,2.726236e-03,990952.8,4.876
198,1,1.606222,,2.722862e-03,992577.3,4.876
199,1,1.471363,,2.719470e-03,991149.3,4.876
200,1,1.612477,1.567684,2.716060e-03,988849.5,4.876
201,1,1.484370,,2.712632e-03,987700.0,4.876
202,1,1.615910,,2.709185e-03,987842.0,4.876
203,1,1.595356,,2.705721e-03,985327.9,4.876
204,1,1.589408,,2.702238e-03,987157.3,4.876
205,1,1.519310,,2.698738e-03,986486.0,4.876
206,1,1.566396,,2.695219e-03,987879.3,4.876
207,1,1.562549,,2.691683e-03,987409.1,4.876
208,1,1.487354,,2.688129e-03,990699.2,4.876
209,1,1.502976,,2.684558e-03,992077.6,4.876
210,1,1.513403,,2.680969e-03,985778.4,4.876
211,1,1.524838,,2.677362e-03,987031.5,4.876
212,1,1.503359,,2.673738e-03,987879.3,4.876
213,1,1.582441,,2.670096e-03,986452.4,4.876
214,1,1.481744,,2.666437e-03,991204.7,4.876
215,1,1.577964,,2.662761e-03,985469.2,4.876
216,1,1.532169,,2.659067e-03,987051.0,4.876
217,1,1.523450,,2.655356e-03,986486.0,4.876
218,1,1.531729,,2.651628e-03,989144.8,4.876
219,1,1.483439,,2.647883e-03,988216.7,4.876
220,1,1.464358,,2.644121e-03,985713.0,4.876
221,1,1.512781,,2.640342e-03,986027.7,4.876
222,1,1.394773,,2.636546e-03,991374.5,4.876
223,1,1.451873,,2.632733e-03,989239.2,4.876
224,1,1.520703,,2.628904e-03,988081.7,4.876
225,1,1.480687,,2.625058e-03,986277.1,4.876
226,1,1.465224,,2.621195e-03,986425.8,4.876
227,1,1.459456,,2.617315e-03,989871.5,4.876
228,1,1.483253,,2.613420e-03,987918.3,4.876
229,1,1.461004,,2.609507e-03,988529.4,4.876
230,1,1.480956,,2.605579e-03,992812.1,4.876
231,1,1.439917,,2.601634e-03,990936.7,4.876
232,1,1.396623,,2.597673e-03,984169.0,4.876
233,1,1.422430,,2.593696e-03,987430.4,4.876
234,1,1.488332,,2.589702e-03,989488.4,4.876
235,1,1.434500,,2.585693e-03,991959.4,4.876
236,1,1.413944,,2.581668e-03,987653.9,4.876
237,1,1.379550,,2.577627e-03,984895.4,4.876
238,1,1.407899,,2.573570e-03,983338.1,4.876
239,1,1.402751,,2.569497e-03,987682.3,4.876
240,1,1.368479,,2.565409e-03,988163.4,4.876
241,1,1.365235,,2.561305e-03,986393.9,4.876
242,1,1.337671,,2.557185e-03,986581.6,4.876
243,1,1.410110,,2.553050e-03,986114.4,4.876
244,1,1.452726,,2.548900e-03,989677.2,4.876
245,1,1.365980,,2.544734e-03,988554.3,4.876
246,1,1.329133,,2.540553e-03,987913.0,4.876
247,1,1.374545,,2.536357e-03,982589.4,4.876
248,1,1.368720,,2.532146e-03,986829.5,4.876
249,1,1.375509,,2.527920e-03,991215.4,4.876
250,1,1.365712,1.409271,2.523679e-03,987373.6,4.876
251,1,1.427932,,2.519422e-03,982276.9,4.876
252,1,1.377169,,2.515152e-03,982756.3,4.876
253,1,1.332914,,2.510866e-03,987084.7,4.876
254,1,1.364965,,2.506566e-03,984849.5,4.876
255,1,1.314847,,2.502251e-03,985757.2,4.876
256,1,1.394039,,2.497921e-03,988426.3,4.876
257,1,1.422938,,2.493577e-03,985709.5,4.876
258,1,1.360328,,2.489219e-03,989928.5,4.876
259,1,1.364728,,2.484846e-03,992263.8,4.876
260,1,1.354151,,2.480460e-03,986425.8,4.876
261,1,1.351043,,2.476059e-03,989736.0,4.876
262,1,1.318459,,2.471644e-03,980764.6,4.876
263,1,1.359948,,2.467215e-03,982984.7,4.876
264,1,1.329833,,2.462772e-03,981966.3,4.876
265,1,1.266527,,2.458315e-03,984812.5,4.876
266,1,1.378640,,2.453844e-03,990545.7,4.876
267,1,1.346865,,2.449360e-03,987261.9,4.876
268,1,1.417266,,2.444862e-03,986326.7,4.876
269,1,1.344791,,2.440351e-03,987874.0,4.876
270,1,1.373587,,2.435826e-03,987701.8,4.876
271,1,1.386673,,2.431287e-03,990947.4,4.876
272,1,1.337726,,2.426736e-03,986355.0,4.876
273,1,1.371085,,2.422171e-03,986864.9,4.876
274,1,1.266335,,2.417593e-03,986999.6,4.876
275,1,1.350622,,2.413002e-03,984273.0,4.876
276,1,1.299885,,2.408398e-03,988151.0,4.876
277,1,1.287033,,2.403781e-03,987293.8,4.876
278,1,1.316744,,2.399151e-03,988310.8,4.876
279,1,1.294241,,2.394508e-03,989009.6,4.876
280,1,1.369735,,2.389853e-03,987467.6,4.876
281,1,1.374299,,2.385185e-03,991560.4,4.876
282,1,1.339231,,2.380504e-03,991143.9,4.876
283,1,1.288665,,2.375811e-03,987685.8,4.876
284,1,1.318529,,2.371106e-03,991903.9,4.876
285,1,1.351649,,2.366389e-03,988625.4,4.876
286,1,1.354662,,2.361659e-03,992168.9,4.876
287,1,1.312758,,2.356917e-03,983933.0,4.876
288,1,1.298875,,2.352163e-03,986484.2,4.876
289,1,1.305475,,2.347397e-03,989515.1,4.876
290,1,1.270772,,2.342619e-03,987803.0,4.876
291,1,1.299627,,2.337829e-03,992245.9,4.876
292,1,1.256452,,2.333028e-03,986755.1,4.876
293,1,1.290215,,2.328215e-03,986475.4,4.876
294,1,1.252047,,2.323391e-03,986082.6,4.876
295,1,1.236782,,2.318555e-03,985398.5,4.876
296,1,1.237763,,2.313707e-03,986829.5,4.876
297,1,1.256559,,2.308848e-03,988310.8,4.876
298,1,1.238358,,2.303978e-03,987499.6,4.876
299,1,1.327721,,2.299097e-03,991188.6,4.876
300,1,1.292783,1.316919,2.294205e-03,987985.8,4.876
301,1,1.363887,,2.289302e-03,988090.6,4.876
302,1,1.283709,,2.284388e-03,986087.9,4.876
303,1,1.327221,,2.279463e-03,985365.0,4.876
304,1,1.246593,,2.274528e-03,983781.5,4.876
305,1,1.330017,,2.269581e-03,985232.5,4.876
306,1,1.297334,,2.264625e-03,989111.0,4.876
307,1,1.339049,,2.259657e-03,983362.7,4.876
308,1,1.256205,,2.254680e-03,984937.8,4.876
309,1,1.322903,,2.249692e-03,991081.4,4.876
310,1,1.308304,,2.244694e-03,985594.6,4.876
311,1,1.309824,,2.239685e-03,980862.6,4.876
312,1,1.269029,,2.234667e-03,983009.3,4.876
313,1,1.295131,,2.229639e-03,986826.0,4.876
314,1,1.340508,,2.224600e-03,984098.5,4.876
315,1,1.205941,,2.219552e-03,988110.1,4.876
316,1,1.237908,,2.214495e-03,988781.9,4.876
317,1,1.271334,,2.209427e-03,987872.2,4.876
318,1,1.318471,,2.204350e-03,984220.1,4.876
319,1,1.285864,,2.199264e-03,988422.8,4.876
320,1,1.240014,,2.194169e-03,991301.2,4.876
321,1,1.314471,,2.189064e-03,990734.9,4.876
322,1,1.312707,,2.183949e-03,986137.4,4.876
323,1,1.257943,,2.178826e-03,985008.3,4.876
324,1,1.290183,,2.173694e-03,985711.3,4.876
325,1,1.235879,,2.168553e-03,985923.4,4.876
326,1,1.253144,,2.163403e-03,984595.5,4.876
327,1,1.226547,,2.158244e-03,985948.1,4.876
328,1,1.285647,,2.153077e-03,986461.2,4.876
329,1,1.254931,,2.147901e-03,987673.4,4.876
330,1,1.293294,,2.142716e-03,988787.2,4.876
331,1,1.224096,,2.137523e-03,986422.3,4.876
332,1,1.272597,,2.132322e-03,988758.8,4.876
333,1,1.191173,,2.127113e-03,985799.6,4.876
334,1,1.270599,,2.121895e-03,985702.4,4.876
335,1,1.279857,,2.116670e-03,989171.5,4.876
336,1,1.291492,,2.111436e-03,989079.0,4.876
337,1,1.229131,,2.106195e-03,990643.8,4.876
338,1,1.255067,,2.100946e-03,988394.4,4.876
339,1,1.197407,,2.095689e-03,986785.2,4.876
340,1,1.349847,,2.090424e-03,992308.6,4.876
341,1,1.239270,,2.085152e-03,985750.1,4.876
342,1,1.247995,,2.079873e-03,990056.9,4.876
343,1,1.282444,,2.074586e-03,987733.8,4.876
344,1,1.264389,,2.069293e-03,990833.1,4.876
345,1,1.259129,,2.063991e-03,990926.0,4.876
346,1,1.201722,,2.058683e-03,988298.4,4.876
347,1,1.276548,,2.053368e-03,992315.7,4.876
348,1,1.255044,,2.048046e-03,988461.9,4.876
349,1,1.218647,,2.042718e-03,987971.6,4.876
350,1,1.239366,1.249484,2.037382e-03,987293.8,4.876
351,1,1.263632,,2.032040e-03,987345.3,4.876
352,1,1.252867,,2.026692e-03,988835.3,4.876
353,1,1.238829,,2.021337e-03,982147.0,4.876
354,1,1.231350,,2.015975e-03,983906.5,4.876
355,1,1.199579,,2.010608e-03,984847.8,4.876
356,1,1.187315,,2.005234e-03,983000.5,4.876
357,1,1.250030,,1.999854e-03,989378.0,4.876
358,1,1.173466,,1.994469e-03,982868.7,4.876
359,1,1.281838,,1.989077e-03,985849.1,4.876
360,1,1.188084,,1.983680e-03,986900.4,4.876
361,1,1.213266,,1.978277e-03,988773.0,4.876
362,1,1.215220,,1.972868e-03,989623.8,4.876
363,1,1.180461,,1.967454e-03,986815.3,4.876
364,1,1.180129,,1.962034e-03,987396.7,4.876
365,1,1.225484,,1.956609e-03,984830.1,4.876
366,1,1.212945,,1.951179e-03,988008.9,4.876
367,1,1.246176,,1.945744e-03,985075.4,4.876
368,1,1.156063,,1.940304e-03,985718.3,4.876
369,1,1.216609,,1.934859e-03,983514.0,4.876
370,1,1.188049,,1.929409e-03,984996.0,4.876
371,1,1.181214,,1.923954e-03,986179.8,4.876
372,1,1.212611,,1.918494e-03,987088.2,4.876
373,1,1.184075,,1.913030e-03,985054.2,4.876
374,1,1.273507,,1.907562e-03,985050.7,4.876
375,1,1.175366,,1.902089e-03,983860.8,4.876
376,1,1.155649,,1.896612e-03,982087.4,4.876
377,1,1.219498,,1.891130e-03,982229.5,4.876
378,1,1.186459,,1.885645e-03,988319.7,4.876
379,1,1.148290,,1.880155e-03,982350.6,4.876
380,1,1.248128,,1.874662e-03,981975.1,4.876
381,1,1.139270,,1.869164e-03,984874.2,4.876
382,1,1.226917,,1.863663e-03,987242.4,4.876
383,1,1.186729,,1.858159e-03,982671.9,4.876
384,1,1.212610,,1.852650e-03,983631.9,4.876
385,1,1.181175,,1.847139e-03,988869.0,4.876
386,1,1.183128,,1.841624e-03,988751.7,4.876
387,1,1.202178,,1.836105e-03,982320.8,4.876
388,1,1.152886,,1.830584e-03,983961.1,4.876
389,1,1.212806,,1.825059e-03,985273.1,4.876
390,1,1.158347,,1.819532e-03,985262.6,4.876
391,1,1.245128,,1.814001e-03,988085.3,4.876
392,1,1.170214,,1.808468e-03,986232.9,4.876
393,1,1.139912,,1.802932e-03,985644.1,4.876
394,1,1.204169,,1.797393e-03,988934.9,4.876
395,1,1.194358,,1.791852e-03,987542.1,4.876
396,1,1.199628,,1.786309e-03,989582.8,4.876
397,1,1.192498,,1.780763e-03,987925.4,4.876
398,1,1.155043,,1.775215e-03,983508.7,4.876
399,1,1.149788,,1.769665e-03,983623.1,4.876
400,1,1.161270,1.196968,1.764113e-03,981321.3,4.876
401,1,1.206799,,1.758559e-03,980696.3,4.876
402,1,1.162444,,1.753003e-03,980159.6,4.876
403,1,1.158155,,1.747445e-03,986231.1,4.876
404,1,1.207930,,1.741886e-03,987222.9,4.876
405,1,1.193973,,1.736325e-03,988243.3,4.876
406,1,1.153996,,1.730762e-03,986022.4,4.876
407,1,1.153730,,1.725198e-03,986217.0,4.876
408,1,1.178804,,1.719633e-03,991669.5,4.876
409,1,1.176131,,1.714067e-03,985492.2,4.876
410,1,1.196227,,1.708500e-03,987932.5,4.876
411,1,1.111032,,1.702931e-03,988005.3,4.876
412,1,1.185351,,1.697362e-03,988097.7,4.876
413,1,1.241107,,1.691792e-03,991181.4,4.876
414,1,1.167383,,1.686221e-03,984771.9,4.876
415,1,1.185275,,1.680650e-03,989068.3,4.876
416,1,1.175842,,1.675078e-03,987756.8,4.876
417,1,1.150981,,1.669505e-03,982745.7,4.876
418,1,1.141307,,1.663933e-03,983841.4,4.876
419,1,1.163433,,1.658360e-03,975351.4,4.876
420,1,1.176874,,1.652787e-03,979763.0,4.876
421,1,1.192715,,1.647213e-03,986643.6,4.876
422,1,1.151381,,1.641640e-03,988158.1,4.876
423,1,1.164120,,1.636067e-03,983188.6,4.876
424,1,1.131135,,1.630495e-03,986620.5,4.876
425,1,1.097656,,1.624922e-03,986845.5,4.876
426,1,1.187036,,1.619350e-03,988566.8,4.876
427,1,1.120264,,1.613779e-03,982099.7,4.876
428,1,1.142704,,1.608208e-03,982557.8,4.876
429,1,1.144065,,1.602638e-03,989038.1,4.876
430,1,1.140925,,1.597069e-03,990156.7,4.876
431,1,1.165038,,1.591500e-03,988883.3,4.876
432,1,1.217480,,1.585933e-03,987982.3,4.876
433,1,1.124492,,1.580367e-03,989214.2,4.876
434,1,1.124358,,1.574802e-03,986270.1,4.876
435,1,1.112915,,1.569238e-03,989105.7,4.876
436,1,1.162709,,1.563675e-03,985955.2,4.876
437,1,1.124503,,1.558114e-03,983267.7,4.876
438,1,1.178282,,1.552555e-03,987286.7,4.876
439,1,1.129234,,1.546997e-03,989964.2,4.876
440,1,1.144655,,1.541441e-03,991181.4,4.876
441,1,1.133700,,1.535887e-03,989007.8,4.876
442,1,1.160664,,1.530335e-03,984803.7,4.876
443,1,1.114116,,1.524785e-03,984015.7,4.876
444,1,1.172454,,1.519237e-03,985550.5,4.876
445,1,1.183364,,1.513691e-03,986183.4,4.876
446,1,1.163372,,1.508148e-03,985983.5,4.876
447,1,1.156511,,1.502607e-03,990492.1,4.876
448,1,1.145204,,1.497068e-03,990454.6,4.876
449,1,1.163762,,1.491532e-03,987428.6,4.876
450,1,1.147212,1.153118,1.485999e-03,988017.8,4.876
451,1,1.077912,,1.480468e-03,979784.0,4.876
452,1,1.147337,,1.474941e-03,991442.4,4.876
453,1,1.161253,,1.469416e-03,988698.3,4.876
454,1,1.172433,,1.463895e-03,987992.9,4.876
455,1,1.097132,,1.458376e-03,990522.5,4.876
456,1,1.159201,,1.452861e-03,984255.3,4.876
457,1,1.143800,,1.447350e-03,989438.6,4.876
458,1,1.163406,,1.441841e-03,987538.6,4.876
459,1,1.147369,,1.436337e-03,987829.6,4.876
460,1,1.086320,,1.430836e-03,990155.0,4.876
461,1,1.129415,,1.425338e-03,987363.0,4.876
462,1,1.144993,,1.419845e-03,984809.0,4.876
463,1,1.126763,,1.414355e-03,988184.7,4.876
464,1,1.109629,,1.408870e-03,985142.5,4.876
465,1,1.104296,,1.403388e-03,987508.4,4.876
466,1,1.097179,,1.397911e-03,984779.0,4.876
467,1,1.171781,,1.392438e-03,987616.6,4.876
468,1,1.065804,,1.386970e-03,988401.5,4.876
469,1,1.097317,,1.381506e-03,991086.7,4.876
470,1,1.119530,,1.376046e-03,990290.5,4.876
471,1,1.129842,,1.370591e-03,986440.0,4.876
472,1,1.095216,,1.365141e-03,987111.2,4.876
473,1,1.133850,,1.359696e-03,990485.0,4.876
474,1,1.139790,,1.354256e-03,988517.0,4.876
475,1,1.068293,,1.348821e-03,989810.9,4.876
476,1,1.105888,,1.343391e-03,984184.8,4.876
477,1,1.078898,,1.337966e-03,986856.1,4.876
478,1,1.068631,,1.332546e-03,990781.3,4.876
479,1,1.115283,,1.327132e-03,986861.4,4.876
480,1,1.083751,,1.321723e-03,986870.3,4.876
481,1,1.080756,,1.316320e-03,984747.2,4.876
482,1,1.068825,,1.310923e-03,985345.6,4.876
483,1,1.082410,,1.305531e-03,987593.6,4.876
484,1,1.124473,,1.300146e-03,989427.9,4.876
485,1,1.083464,,1.294766e-03,988637.9,4.876
486,1,1.075852,,1.289392e-03,985997.7,4.876
487,1,1.112969,,1.284025e-03,984117.9,4.876
488,1,1.084265,,1.278663e-03,985278.4,4.876
489,1,1.071577,,1.273308e-03,986321.4,4.876
490,1,1.107346,,1.267960e-03,989830.5,4.876
491,1,1.149284,,1.262618e-03,980129.9,4.876
492,1,1.073176,,1.257282e-03,989362.0,4.876
493,1,1.099179,,1.251954e-03,987847.3,4.876
494,1,1.130717,,1.246632e-03,982447.2,4.876
495,1,1.086712,,1.241317e-03,983452.4,4.876
496,1,1.104636,,1.236009e-03,984066.8,4.876
497,1,1.092887,,1.230707e-03,983208.0,4.876
498,1,1.080700,,1.225414e-03,983220.3,4.876
499,1,1.106967,,1.220127e-03,988271.8,4.876
500,1,1.091100,1.114652,1.214848e-03,986657.7,4.876
501,1,1.110041,,1.209576e-03,983357.4,4.876
502,1,1.097842,,1.204311e-03,991803.7,4.876
503,1,1.058658,,1.199054e-03,989287.2,4.876
504,1,1.081652,,1.193805e-03,988723.2,4.876
505,1,1.044185,,1.188564e-03,984121.4,4.876
506,1,1.074669,,1.183330e-03,987120.1,4.876
507,1,1.083159,,1.178105e-03,989860.8,4.876
508,1,1.080808,,1.172887e-03,989014.9,4.876
509,1,1.086093,,1.167678e-03,981272.2,4.876
510,1,1.054977,,1.162477e-03,979915.0,4.876
511,1,1.055884,,1.157284e-03,982837.1,4.876
512,1,1.055504,,1.152099e-03,983742.8,4.876
513,1,1.096170,,1.146923e-03,984465.1,4.876
514,1,1.107023,,1.141756e-03,985630.0,4.876
515,1,1.091658,,1.136597e-03,987015.5,4.876
516,1,1.083273,,1.131447e-03,983991.1,4.876
517,1,1.150355,,1.126306e-03,984870.7,4.876
518,1,1.047265,,1.121174e-03,986045.4,4.876
519,1,1.088169,,1.116051e-03,984641.4,4.876
520,1,1.074706,,1.110936e-03,984796.6,4.876
521,1,1.029796,,1.105831e-03,986971.2,4.876
522,1,1.093175,,1.100736e-03,986960.6,4.876
523,1,1.075082,,1.095650e-03,993352.1,4.876
524,1,1.072217,,1.090573e-03,989641.6,4.876
525,1,1.101030,,1.085505e-03,986034.8,4.876
526,1,1.088338,,1.080448e-03,990893.8,4.876
527,1,1.131680,,1.075400e-03,989176.9,4.876
528,1,1.087351,,1.070361e-03,989276.5,4.876
529,1,1.088920,,1.065333e-03,988351.7,4.876
530,1,1.067574,,1.060315e-03,989299.7,4.876
531,1,1.032642,,1.055306e-03,988566.8,4.876
532,1,1.052059,,1.050308e-03,989260.5,4.876
533,1,1.101374,,1.045320e-03,991136.8,4.876
534,1,1.145792,,1.040343e-03,987283.2,4.876
535,1,1.080551,,1.035375e-03,989762.8,4.876
536,1,1.117696,,1.030419e-03,984636.1,4.876
537,1,1.064278,,1.025472e-03,985312.0,4.876
538,1,1.023894,,1.020537e-03,989159.1,4.876
539,1,1.002154,,1.015612e-03,982859.9,4.876
540,1,1.044596,,1.010698e-03,982960.1,4.876
541,1,1.063582,,1.005795e-03,983559.8,4.876
542,1,1.089948,,1.000903e-03,986464.7,4.876
543,1,1.042174,,9.960216e-04,986517.8,4.876
544,1,1.105934,,9.911516e-04,982738.7,4.876
545,1,1.062451,,9.862929e-04,982101.4,4.876
546,1,1.018820,,9.814455e-04,986774.6,4.876
547,1,1.080633,,9.766095e-04,983343.4,4.876
548,1,1.096325,,9.717849e-04,986066.6,4.876
549,1,1.075547,,9.669719e-04,981354.6,4.876
550,1,1.064745,1.083073,9.621706e-04,981405.4,4.876
551,1,1.058196,,9.573809e-04,969662.2,4.876
552,1,1.065662,,9.526031e-04,985536.3,4.876
553,1,1.029198,,9.478372e-04,987492.5,4.876
554,1,1.085477,,9.430832e-04,985071.9,4.876
555,1,1.039922,,9.383413e-04,981698.0,4.876
556,1,1.064518,,9.336115e-04,981093.6,4.876
557,1,1.036368,,9.288939e-04,982069.8,4.876
558,1,1.050072,,9.241886e-04,984221.8,4.876
559,1,1.053058,,9.194957e-04,987680.5,4.876
560,1,1.055948,,9.148152e-04,986452.4,4.876
561,1,1.025207,,9.101473e-04,985721.9,4.876
562,1,1.048300,,9.054919e-04,980673.6,4.876
563,1,1.069062,,9.008493e-04,984512.7,4.876
564,1,1.049055,,8.962194e-04,984172.5,4.876
565,1,1.028604,,8.916023e-04,987584.7,4.876
566,1,1.057612,,8.869982e-04,988748.1,4.876
567,1,1.089155,,8.824071e-04,988202.5,4.876
568,1,1.056190,,8.778291e-04,988115.4,4.876
569,1,1.042455,,8.732642e-04,987336.4,4.876
570,1,1.061112,,8.687126e-04,988302.0,4.876
571,1,1.058862,,8.641743e-04,985356.1,4.876
572,1,1.032962,,8.596493e-04,986886.2,4.876
573,1,1.037035,,8.551379e-04,986935.8,4.876
574,1,1.049672,,8.506400e-04,988346.4,4.876
575,1,0.982758,,8.461557e-04,988367.7,4.876
576,1,1.065609,,8.416851e-04,983426.0,4.876
577,1,1.086920,,8.372283e-04,986162.2,4.876
578,1,1.032774,,8.327853e-04,986110.9,4.876
579,1,1.047952,,8.283563e-04,985614.1,4.876
580,1,1.006638,,8.239413e-04,986702.0,4.876
581,1,1.048252,,8.195403e-04,987081.1,4.876
582,1,1.101571,,8.151535e-04,987962.7,4.876
583,1,1.051032,,8.107810e-04,987902.4,4.876
584,1,1.029958,,8.064227e-04,988062.2,4.876
585,1,0.996877,,8.020788e-04,988403.2,4.876
586,1,1.039927,,7.977494e-04,987226.5,4.876
587,1,0.999105,,7.934344e-04,988376.6,4.876
588,1,1.027552,,7.891341e-04,987877.5,4.876
589,1,1.045224,,7.848485e-04,988081.7,4.876
590,1,1.040256,,7.805776e-04,985905.7,4.876
591,1,1.056704,,7.763215e-04,987513.7,4.876
592,1,1.031969,,7.720803e-04,988294.9,4.876
593,1,1.034901,,7.678541e-04,988154.5,4.876
594,1,1.065394,,7.636429e-04,984421.0,4.876
595,1,1.044932,,7.594468e-04,987350.6,4.876
596,1,1.067789,,7.552658e-04,986436.4,4.876
597,1,1.024604,,7.511002e-04,987698.3,4.876
598,1,1.025971,,7.469498e-04,988314.4,4.876
599,1,1.043419,,7.428149e-04,985580.5,4.876
600,1,1.047361,1.051450,7.386954e-04,988198.9,4.876
601,1,1.020430,,7.345914e-04,988143.9,4.876
602,1,1.029747,,7.305030e-04,987290.3,4.876
603,1,1.075764,,7.264303e-04,987598.9,4.876
604,1,1.009063,,7.223734e-04,982457.7,4.876
605,1,1.032210,,7.183322e-04,984202.5,4.876
606,1,1.035295,,7.143070e-04,989102.1,4.876
607,1,0.982955,,7.102976e-04,983605.5,4.876
608,1,0.970237,,7.063043e-04,980273.2,4.876
609,1,1.024179,,7.023271e-04,983304.7,4.876
610,1,1.008502,,6.983660e-04,979963.9,4.876
611,1,1.046870,,6.944212e-04,978997.1,4.876
612,1,0.990886,,6.904926e-04,980841.6,4.876
613,1,1.012709,,6.865804e-04,978641.6,4.876
614,1,1.013118,,6.826846e-04,978129.7,4.876
615,1,0.992805,,6.788052e-04,983837.9,4.876
616,1,1.039184,,6.749425e-04,985833.2,4.876
617,1,1.064450,,6.710963e-04,982510.4,4.876
618,1,1.026055,,6.672669e-04,982292.7,4.876
619,1,1.074342,,6.634541e-04,985964.1,4.876
620,1,1.027773,,6.596582e-04,987386.0,4.876
621,1,1.019858,,6.558792e-04,983984.0,4.876
622,1,1.020971,,6.521171e-04,985949.9,4.876
623,1,1.010282,,6.483721e-04,987687.6,4.876
624,1,1.002078,,6.446440e-04,986962.4,4.876
625,1,0.981087,,6.409332e-04,983737.5,4.876
626,1,1.053218,,6.372395e-04,982751.0,4.876
627,1,1.004203,,6.335631e-04,986578.0,4.876
628,1,1.013629,,6.299040e-04,988127.9,4.876
629,1,0.999677,,6.262623e-04,981913.7,4.876
630,1,1.015826,,6.226380e-04,984139.0,4.876
631,1,0.954146,,6.190313e-04,986493.1,4.876
632,1,1.037059,,6.154421e-04,987042.1,4.876
633,1,1.016131,,6.118705e-04,988856.6,4.876
634,1,0.980476,,6.083167e-04,984814.3,4.876
635,1,1.069265,,6.047806e-04,985981.7,4.876
636,1,0.978227,,6.012623e-04,987334.6,4.876
637,1,0.981618,,5.977618e-04,987448.1,4.876
638,1,0.993542,,5.942793e-04,983982.3,4.876
639,1,1.033365,,5.908148e-04,987238.9,4.876
640,1,0.981635,,5.873684e-04,988949.1,4.876
641,1,1.038882,,5.839401e-04,987904.1,4.876
642,1,1.036268,,5.805299e-04,988463.7,4.876
643,1,1.031967,,5.771380e-04,988657.4,4.876
644,1,1.063915,,5.737643e-04,985515.1,4.876
645,1,1.081701,,5.704090e-04,984731.3,4.876
646,1,1.006765,,5.670721e-04,988294.9,4.876
647,1,0.995630,,5.637536e-04,984422.8,4.876
648,1,0.963550,,5.604537e-04,986565.6,4.876
649,1,1.026465,,5.571723e-04,986261.2,4.876
650,1,1.043117,1.028538,5.539095e-04,987879.3,4.876
651,1,0.979714,,5.506654e-04,987767.5,4.876
652,1,1.038322,,5.474401e-04,984690.8,4.876
653,1,1.056950,,5.442335e-04,985801.4,4.876
654,1,0.979859,,5.410458e-04,982192.6,4.876
655,1,0.988784,,5.378770e-04,985154.9,4.876
656,1,1.065122,,5.347272e-04,987806.5,4.876
657,1,1.024162,,5.315963e-04,984302.9,4.876
658,1,1.015434,,5.284845e-04,985976.4,4.876
659,1,0.951837,,5.253919e-04,987769.2,4.876
660,1,1.039897,,5.223184e-04,987868.6,4.876
661,1,1.000023,,5.192641e-04,985465.7,4.876
662,1,0.967836,,5.162290e-04,984373.4,4.876
663,1,0.992501,,5.132134e-04,984757.8,4.876
664,1,0.985184,,5.102170e-04,985229.0,4.876
665,1,0.981729,,5.072401e-04,982219.0,4.876
666,1,0.961434,,5.042827e-04,979469.8,4.876
667,1,0.973709,,5.013448e-04,983280.1,4.876
668,1,0.991344,,4.984265e-04,985815.5,4.876
669,1,1.001734,,4.955278e-04,986248.8,4.876
670,1,1.021857,,4.926488e-04,984502.1,4.876
671,1,1.057167,,4.897895e-04,983529.9,4.876
672,1,1.025243,,4.869499e-04,981649.0,4.876
673,1,1.009945,,4.841302e-04,981288.0,4.876
674,1,0.973763,,4.813304e-04,981919.0,4.876
675,1,1.044912,,4.785505e-04,980780.3,4.876
676,1,0.974123,,4.757905e-04,978913.4,4.876
677,1,1.016359,,4.730506e-04,982364.6,4.876
678,1,0.978370,,4.703307e-04,986252.4,4.876
679,1,0.991908,,4.676309e-04,976647.4,4.876
680,1,0.981027,,4.649513e-04,981398.4,4.876
681,1,1.014631,,4.622919e-04,983243.1,4.876
682,1,0.944372,,4.596527e-04,982064.6,4.876
683,1,0.996322,,4.570338e-04,979468.0,4.876
684,1,0.989638,,4.544352e-04,986684.3,4.876
685,1,0.915829,,4.518570e-04,986652.4,4.876
686,1,1.072836,,4.492992e-04,984816.0,4.876
687,1,0.968441,,4.467619e-04,983721.7,4.876
688,1,1.035951,,4.442451e-04,986484.2,4.876
689,1,1.003140,,4.417488e-04,987469.4,4.876
690,1,0.968757,,4.392732e-04,987040.4,4.876
691,1,0.999909,,4.368181e-04,984384.0,4.876
692,1,1.050465,,4.343838e-04,984243.0,4.876
693,1,1.070675,,4.319701e-04,982522.7,4.876
694,1,0.989885,,4.295772e-04,979934.2,4.876
695,1,0.979377,,4.272051e-04,983668.9,4.876
696,1,1.031447,,4.248539e-04,985317.3,4.876
697,1,0.961014,,4.225235e-04,988988.2,4.876
698,1,1.016414,,4.202141e-04,986192.2,4.876
699,1,1.003338,,4.179256e-04,986997.8,4.876
700,1,0.985540,1.009138,4.156581e-04,986553.3,4.876
701,1,0.960619,,4.134116e-04,988993.6,4.876
702,1,0.984348,,4.111862e-04,988653.9,4.876
703,1,0.998270,,4.089820e-04,989082.5,4.876
704,1,0.966811,,4.067988e-04,986912.8,4.876
705,1,0.984349,,4.046369e-04,986686.1,4.876
706,1,0.941837,,4.024962e-04,982075.1,4.876
707,1,0.998423,,4.003768e-04,986209.9,4.876
708,1,1.016471,,3.982786e-04,987519.1,4.876
709,1,0.971963,,3.962018e-04,984946.6,4.876
710,1,0.960083,,3.941463e-04,986620.5,4.876
711,1,0.971152,,3.921123e-04,988062.2,4.876
712,1,0.939560,,3.900997e-04,985082.5,4.876
713,1,1.014233,,3.881085e-04,986202.8,4.876
714,1,0.965517,,3.861389e-04,985156.6,4.876
715,1,0.964061,,3.841908e-04,985640.6,4.876
716,1,0.959071,,3.822643e-04,985714.8,4.876
717,1,0.983061,,3.803593e-04,985603.5,4.876
718,1,1.021783,,3.784761e-04,982533.2,4.876
719,1,0.989348,,3.766144e-04,983447.2,4.876
720,1,0.981327,,3.747745e-04,987247.7,4.876
721,1,0.962517,,3.729564e-04,985585.8,4.876
722,1,1.045795,,3.711599e-04,985292.6,4.876
723,1,1.016983,,3.693853e-04,985644.1,4.876
724,1,0.967877,,3.676325e-04,986663.0,4.876
725,1,0.994188,,3.659016e-04,983778.0,4.876
726,1,1.010170,,3.641925e-04,987991.1,4.876
727,1,0.982057,,3.625054e-04,981263.5,4.876
728,1,0.986364,,3.608402e-04,980441.0,4.876
729,1,0.983809,,3.591970e-04,982491.0,4.876
730,1,0.994469,,3.575757e-04,980042.5,4.876
731,1,0.975286,,3.559765e-04,985969.4,4.876
732,1,0.927525,,3.543994e-04,985840.3,4.876
733,1,0.956446,,3.528443e-04,984904.2,4.876
734,1,0.991967,,3.513113e-04,982842.3,4.876
735,1,0.960583,,3.498005e-04,979509.9,4.876
736,1,0.954086,,3.483118e-04,980769.8,4.876
737,1,1.004021,,3.468453e-04,984577.9,4.876
738,1,0.967117,,3.454011e-04,982633.3,4.876
739,1,0.952964,,3.439790e-04,983559.8,4.876
740,1,0.941120,,3.425792e-04,987235.3,4.876
741,1,0.967515,,3.412017e-04,987026.2,4.876
742,1,0.990436,,3.398465e-04,984588.5,4.876
743,1,0.957108,,3.385136e-04,986284.2,4.876
744,1,0.969674,,3.372031e-04,984911.3,4.876
745,1,0.972372,,3.359149e-04,986799.4,4.876
746,1,0.984314,,3.346492e-04,986275.4,4.876
747,1,0.933087,,3.334058e-04,985750.1,4.876
748,1,0.992716,,3.321849e-04,981859.3,4.876
749,1,1.037312,,3.309865e-04,983098.9,4.876
750,1,0.952288,0.994032,3.298105e-04,984059.8,4.876
751,1,0.978486,,3.286571e-04,987164.4,4.876
752,1,0.929642,,3.275261e-04,986328.5,4.876
753,1,0.982110,,3.264177e-04,988861.9,4.876
754,1,0.953632,,3.253319e-04,988780.1,4.876
755,1,0.967882,,3.242686e-04,988970.4,4.876
756,1,0.980064,,3.232279e-04,984183.1,4.876
757,1,1.003024,,3.222098e-04,983016.3,4.876
758,1,0.996306,,3.212144e-04,985988.8,4.876
759,1,0.948258,,3.202416e-04,986218.8,4.876
760,1,0.980971,,3.192914e-04,980939.6,4.876
761,1,0.934577,,3.183640e-04,979710.7,4.876
762,1,0.970709,,3.174592e-04,982821.3,4.876
763,1,0.915566,,3.165772e-04,984389.3,4.876
764,1,0.982011,,3.157178e-04,985485.1,4.876
765,1,0.905746,,3.148813e-04,985483.3,4.876
766,1,0.981224,,3.140674e-04,987169.7,4.876
767,1,0.986344,,3.132764e-04,984692.5,4.876
768,1,0.992927,,3.125081e-04,986022.4,4.876
769,1,0.959511,,3.117626e-04,988412.1,4.876
770,1,0.925300,,3.110399e-04,984086.2,4.876
771,1,0.943470,,3.103400e-04,984466.8,4.876
772,1,0.957565,,3.096630e-04,983264.2,4.876
773,1,0.927629,,3.090088e-04,985236.1,4.876
774,1,0.951542,,3.083775e-04,985598.2,4.876
775,1,0.967285,,3.077690e-04,985810.2,4.876
776,1,0.995974,,3.071834e-04,983725.2,4.876
777,1,0.961874,,3.066207e-04,982085.6,4.876
778,1,1.034095,,3.060808e-04,983524.6,4.876
779,1,0.961318,,3.055639e-04,984380.5,4.876
780,1,0.925578,,3.050699e-04,980175.3,4.876
781,1,0.976814,,3.045988e-04,980810.1,4.876
782,1,0.972245,,3.041507e-04,986779.9,4.876
783,1,0.913376,,3.037255e-04,983232.6,4.876
784,1,0.931709,,3.033232e-04,983705.8,4.876
785,1,0.990710,,3.029439e-04,987238.9,4.876
786,1,1.020811,,3.025875e-04,988584.5,4.876
787,1,0.935921,,3.022541e-04,987900.6,4.876
788,1,0.951151,,3.019436e-04,983088.4,4.876
789,1,0.989912,,3.016562e-04,987159.1,4.876
790,1,0.951221,,3.013917e-04,984607.9,4.876
791,1,0.983361,,3.011502e-04,982977.7,4.876
792,1,0.998752,,3.009317e-04,984766.6,4.876
793,1,0.944654,,3.007362e-04,987279.7,4.876
794,1,0.961511,,3.005636e-04,987581.2,4.876
795,1,0.975076,,3.004141e-04,984532.1,4.876
796,1,0.957109,,3.002876e-04,986119.7,4.876
797,1,0.990968,,3.001841e-04,988092.4,4.876
798,1,0.994202,,3.001035e-04,983266.0,4.876
799,1,0.972171,,3.000460e-04,982436.6,4.876
800,1,0.982862,0.982619,3.000115e-04,981778.7,4.876
